utc,sast,cam,mode,preset,source,logged_blob,md_animal_conf,keep,keep_conf,prediction_common,prediction_class,prediction_score,n_detections,md_bw_blocks,md_bh_blocks,md_cx,md_cy,model_version,path
2026-09-03 16:03:53,2026-09-03 18:03:53,satara,night,23,frames,433,0.0,0,0.15,blank,,0.9972,0,,,,,4.0.3a,frames/satara/20260903/160353_p23_blob0433_f0.37.jpg
2026-09-03 16:04:52,2026-09-03 18:04:52,satara,night,4,frames,716,0.0245,0,0.15,blank,,0.9968,4,1.9,1.7,0.719,0.358,4.0.3a,frames/satara/20260903/160452_p4_blob0716_f0.39.jpg
2026-09-03 16:21:51,2026-09-03 18:21:51,satara,night,30,frames,102,0.0,0,0.15,blank,,0.9962,0,,,,,4.0.3a,frames/satara/20260903/162151_p30_blob0102_f0.44.jpg
2026-09-03 16:23:02,2026-09-03 18:23:02,satara,night,3,frames,134,0.0102,0,0.15,blank,,0.9996,1,1.1,1.4,0.112,0.602,4.0.3a,frames/satara/20260903/162302_p3_blob0134_f0.33.jpg
2026-09-03 16:24:01,2026-09-03 18:24:01,satara,night,4,frames,182,0.1838,1,0.15,blank,,0.9964,5,3.8,3.8,0.968,0.427,4.0.3a,frames/satara/20260903/162401_p4_blob0182_f0.32.jpg
2026-09-03 16:27:08,2026-09-03 18:27:08,satara,night,4,frames,51,0.0352,0,0.15,blank,,0.9982,3,1.3,1.4,0.789,0.05,4.0.3a,frames/satara/20260903/162708_p4_blob0051_f0.42.jpg
2026-09-03 16:38:56,2026-09-03 18:38:56,satara,night,4,frames,41,0.033,0,0.15,blank,,0.9928,3,3.9,2.0,0.731,0.359,4.0.3a,frames/satara/20260903/163856_p4_blob0041_f0.34.jpg
2026-09-03 16:39:08,2026-09-03 18:39:08,satara,night,5,frames,932,0.0211,0,0.15,blank,,0.9919,2,5.4,3.6,0.031,0.634,4.0.3a,frames/satara/20260903/163908_p5_blob0932_f0.41.jpg
2026-09-03 16:39:20,2026-09-03 18:39:20,satara,night,5,frames,703,0.0211,0,0.15,blank,,0.9919,2,5.4,3.6,0.031,0.634,4.0.3a,frames/satara/20260903/163920_p5_blob0703_f0.38.jpg
2026-09-03 16:43:48,2026-09-03 18:43:48,satara,night,2,frames,20,0.0284,0,0.15,blank,,0.9988,2,1.9,3.9,0.01,0.918,4.0.3a,frames/satara/20260903/164348_p2_blob0020_f0.42.jpg
2026-09-03 16:56:00,2026-09-03 18:56:00,satara,night,30,frames,15,0.0,0,0.15,blank,,0.9976,0,,,,,4.0.3a,frames/satara/20260903/165600_p30_blob0015_f0.75.jpg
2026-09-03 16:56:12,2026-09-03 18:56:12,satara,night,30,frames,6,0.0,0,0.15,blank,,0.9972,0,,,,,4.0.3a,frames/satara/20260903/165612_p30_blob0006_f0.60.jpg
2026-09-03 16:58:12,2026-09-03 18:58:12,satara,night,5,frames,198,0.0,0,0.15,blank,,0.9875,1,85.1,32.3,0.557,0.452,4.0.3a,frames/satara/20260903/165812_p5_blob0198_f0.38.jpg
2026-09-03 17:00:01,2026-09-03 19:00:01,satara,night,30,frames,3,0.0191,0,0.15,blank,,0.9999,2,3.9,2.8,0.853,0.401,4.0.3a,frames/satara/20260903/170001_p30_blob0003_f0.50.jpg
2026-09-03 17:13:03,2026-09-03 19:13:03,satara,night,4,frames,1,0.0465,0,0.15,blank,,0.9956,2,3.9,3.7,0.966,0.426,4.0.3a,frames/satara/20260903/171303_p4_blob0001_f1.00.jpg
2026-09-03 17:19:04,2026-09-03 19:19:04,satara,night,30,frames,2,0.0,0,0.15,blank,,0.9972,0,,,,,4.0.3a,frames/satara/20260903/171904_p30_blob0002_f1.00.jpg
2026-09-03 17:20:16,2026-09-03 19:20:16,satara,night,4,frames,3,0.2002,1,0.15,blank,,0.9964,2,4.2,3.7,0.966,0.426,4.0.3a,frames/satara/20260903/172016_p4_blob0003_f0.75.jpg
2026-09-03 17:21:04,2026-09-03 19:21:04,satara,night,5,frames,3,0.0,0,0.15,blank,,0.9961,0,,,,,4.0.3a,frames/satara/20260903/172104_p5_blob0003_f0.75.jpg
2026-09-03 17:30:22,2026-09-03 19:30:22,satara,night,30,frames,13,0.0239,0,0.15,blank,,1.0,1,3.1,9.3,0.016,0.438,4.0.3a,frames/satara/20260903/173022_p30_blob0013_f0.81.jpg
2026-09-03 17:30:45,2026-09-03 19:30:45,satara,night,34,frames,2,0.0,0,0.15,blank,,0.9927,0,,,,,4.0.3a,frames/satara/20260903/173045_p34_blob0002_f1.00.jpg
2026-09-03 17:32:18,2026-09-03 19:32:18,satara,night,5,frames,140,0.0398,0,0.15,blank,,0.9976,1,4.4,3.4,0.035,0.632,4.0.3a,frames/satara/20260903/173218_p5_blob0140_f0.30.jpg
2026-09-03 17:35:52,2026-09-03 19:35:52,satara,night,4,frames,3,0.028,0,0.15,blank,,0.9976,1,3.9,3.8,0.966,0.427,4.0.3a,frames/satara/20260903/173552_p4_blob0003_f0.75.jpg
2026-09-03 17:47:28,2026-09-03 19:47:28,satara,night,4,frames,5,0.1379,0,0.15,blank,,0.9899,1,3.9,3.7,0.966,0.426,4.0.3a,frames/satara/20260903/174728_p4_blob0005_f0.83.jpg
2026-09-03 17:48:53,2026-09-03 19:48:53,satara,night,30,frames,4,0.0,0,0.15,blank,,0.996,0,,,,,4.0.3a,frames/satara/20260903/174853_p30_blob0004_f0.67.jpg
2026-09-03 17:49:54,2026-09-03 19:49:54,satara,night,3,frames,11,0.0,0,0.15,blank,,0.9888,0,,,,,4.0.3a,frames/satara/20260903/174954_p3_blob0011_f0.55.jpg
2026-09-03 17:54:57,2026-09-03 19:54:57,satara,night,33,frames,473,0.0,0,0.15,blank,,0.9942,0,,,,,4.0.3a,frames/satara/20260903/175457_p33_blob0473_f0.29.jpg
2026-09-03 18:01:57,2026-09-03 20:01:57,satara,night,4,frames,7,0.0366,0,0.15,blank,,0.9958,3,3.8,3.8,0.967,0.427,4.0.3a,frames/satara/20260903/180157_p4_blob0007_f0.58.jpg
2026-09-03 18:02:09,2026-09-03 20:02:09,satara,night,4,frames,3,0.0484,0,0.15,blank,,0.9957,2,3.8,3.8,0.967,0.427,4.0.3a,frames/satara/20260903/180209_p4_blob0003_f0.50.jpg
2026-09-03 18:06:02,2026-09-03 20:06:02,satara,night,4,frames,4,0.038,0,0.15,blank,,0.999,3,2.2,3.2,0.988,0.571,4.0.3a,frames/satara/20260903/180602_p4_blob0004_f0.67.jpg
2026-09-03 18:08:21,2026-09-03 20:08:21,satara,night,30,frames,2,0.0,0,0.15,blank,,0.9968,0,,,,,4.0.3a,frames/satara/20260903/180821_p30_blob0002_f0.50.jpg
2026-09-03 18:26:01,2026-09-03 20:26:01,satara,night,35,frames,526,0.0446,0,0.15,blank,,0.9935,4,5.3,4.7,0.201,0.617,4.0.3a,frames/satara/20260903/182601_p35_blob0526_f0.31.jpg
2026-09-03 18:27:01,2026-09-03 20:27:01,satara,night,30,frames,6,0.012,0,0.15,blank,,0.9992,2,1.0,1.1,0.412,0.344,4.0.3a,frames/satara/20260903/182701_p30_blob0006_f0.75.jpg
2026-09-03 18:28:14,2026-09-03 20:28:14,satara,night,3,frames,13,0.0157,0,0.15,blank,,0.9918,1,1.6,4.7,0.992,0.628,4.0.3a,frames/satara/20260903/182814_p3_blob0013_f0.43.jpg
2026-09-03 18:31:59,2026-09-03 20:31:59,satara,night,3,frames,492,0.0,0,0.15,blank,,0.9925,0,,,,,4.0.3a,frames/satara/20260903/183159_p3_blob0492_f0.32.jpg
2026-09-03 18:46:12,2026-09-03 20:46:12,satara,night,30,frames,12,0.0105,0,0.15,blank,,0.9981,1,3.9,2.8,0.851,0.399,4.0.3a,frames/satara/20260903/184612_p30_blob0012_f0.67.jpg
2026-09-03 18:47:01,2026-09-03 20:47:01,satara,night,3,frames,9,0.0,0,0.15,blank,,0.9926,0,,,,,4.0.3a,frames/satara/20260903/184701_p3_blob0009_f0.50.jpg
2026-09-03 18:51:25,2026-09-03 20:51:25,satara,night,4,frames,14,0.1548,1,0.15,blank,,0.9957,3,3.9,3.8,0.965,0.425,4.0.3a,frames/satara/20260903/185125_p4_blob0014_f0.40.jpg
2026-09-03 18:53:13,2026-09-03 20:53:13,satara,night,30,frames,347,0.023,0,0.15,blank,,0.9966,1,3.2,2.6,0.426,0.603,4.0.3a,frames/satara/20260903/185313_p30_blob0347_f0.31.jpg
2026-09-03 18:58:18,2026-09-03 20:58:18,satara,night,3,frames,2,0.0345,0,0.15,blank,,0.9996,1,1.1,1.5,0.112,0.601,4.0.3a,frames/satara/20260903/185818_p3_blob0002_f1.00.jpg
2026-09-03 18:59:16,2026-09-03 20:59:16,satara,night,4,frames,6,0.3138,1,0.15,no cv result,no cv result,0.988,6,3.7,3.7,0.966,0.426,4.0.3a,frames/satara/20260903/185916_p4_blob0006_f0.40.jpg
2026-09-03 19:05:17,2026-09-03 21:05:17,satara,night,30,frames,4,0.0,0,0.15,blank,,0.9972,0,,,,,4.0.3a,frames/satara/20260903/190517_p30_blob0004_f1.00.jpg
2026-09-03 19:06:15,2026-09-03 21:06:15,satara,night,4,frames,5,0.3771,1,0.15,blank,,0.9902,4,3.8,3.8,0.967,0.425,4.0.3a,frames/satara/20260903/190615_p4_blob0005_f0.83.jpg
2026-09-03 19:16:16,2026-09-03 21:16:16,satara,night,30,frames,24,0.0,0,0.15,blank,,0.9945,0,,,,,4.0.3a,frames/satara/20260903/191616_p30_blob0024_f0.80.jpg
2026-09-03 19:18:16,2026-09-03 21:18:16,satara,night,31,frames,267,0.0,0,0.15,blank,,0.9962,0,,,,,4.0.3a,frames/satara/20260903/191816_p31_blob0267_f0.46.jpg
2026-09-03 19:18:52,2026-09-03 21:18:52,satara,night,35,frames,49,0.0,0,0.15,blank,,0.9975,0,,,,,4.0.3a,frames/satara/20260903/191852_p35_blob0049_f0.30.jpg
2026-09-03 19:19:03,2026-09-03 21:19:03,satara,night,35,frames,24,0.0,0,0.15,blank,,0.9975,0,,,,,4.0.3a,frames/satara/20260903/191903_p35_blob0024_f0.33.jpg
2026-09-03 19:33:53,2026-09-03 21:33:53,satara,night,31,frames,4,0.1523,1,0.15,blank,,0.9997,11,2.5,1.7,0.528,0.502,4.0.3a,frames/satara/20260903/193353_p31_blob0004_f1.00.jpg
2026-09-03 19:37:00,2026-09-03 21:37:00,satara,night,4,frames,7,0.0726,0,0.15,blank,,0.9928,2,3.9,3.8,0.966,0.425,4.0.3a,frames/satara/20260903/193700_p4_blob0007_f0.58.jpg
2026-09-03 19:37:11,2026-09-03 21:37:11,satara,night,5,frames,30,0.0531,0,0.15,blank,,0.998,2,4.4,3.9,0.035,0.637,4.0.3a,frames/satara/20260903/193711_p5_blob0030_f0.38.jpg
2026-09-03 19:37:58,2026-09-03 21:37:58,satara,night,35,frames,380,0.0182,0,0.15,blank,,0.9977,1,3.6,5.0,0.311,0.6,4.0.3a,frames/satara/20260903/193758_p35_blob0380_f0.31.jpg
2026-09-03 19:42:59,2026-09-03 21:42:59,satara,night,30,frames,12,0.0247,0,0.15,blank,,0.9999,2,3.1,9.4,0.016,0.441,4.0.3a,frames/satara/20260903/194259_p30_blob0012_f0.86.jpg
2026-09-03 19:44:58,2026-09-03 21:44:58,satara,night,31,frames,5,0.1252,0,0.15,blank,,0.993,11,2.8,2.5,0.302,0.669,4.0.3a,frames/satara/20260903/194458_p31_blob0005_f1.00.jpg
2026-09-03 19:46:21,2026-09-03 21:46:21,satara,night,30,frames,13,0.201,1,0.15,blank,,0.9996,2,4.3,2.8,0.851,0.399,4.0.3a,frames/satara/20260903/194621_p30_blob0013_f0.62.jpg
2026-09-03 19:46:58,2026-09-03 21:46:58,satara,night,34,frames,573,0.0,0,0.15,blank,,0.9957,0,,,,,4.0.3a,frames/satara/20260903/194658_p34_blob0573_f0.39.jpg
2026-09-03 19:56:11,2026-09-03 21:56:11,satara,night,5,frames,7,0.0257,0,0.15,blank,,0.9985,1,1.0,0.7,0.727,0.412,4.0.3a,frames/satara/20260903/195611_p5_blob0007_f0.58.jpg
2026-09-03 19:59:56,2026-09-03 21:59:56,satara,night,5,frames,4,0.0556,0,0.15,blank,,0.9998,2,1.1,0.7,0.728,0.412,4.0.3a,frames/satara/20260903/195956_p5_blob0004_f1.00.jpg
2026-09-03 20:02:18,2026-09-03 22:02:18,satara,night,36,frames,413,0.0,0,0.15,blank,,0.9913,0,,,,,4.0.3a,frames/satara/20260903/200218_p36_blob0413_f0.40.jpg
2026-09-03 20:02:53,2026-09-03 22:02:53,satara,night,4,frames,2,0.081,0,0.15,blank,,0.9897,3,3.8,3.8,0.967,0.425,4.0.3a,frames/satara/20260903/200253_p4_blob0002_f1.00.jpg
2026-09-03 20:18:11,2026-09-03 22:18:11,satara,night,4,frames,1,0.0487,0,0.15,blank,,0.9925,3,2.5,3.9,0.845,0.764,4.0.3a,frames/satara/20260903/201811_p4_blob0001_f1.00.jpg
2026-09-03 20:20:00,2026-09-03 22:20:00,satara,night,2,frames,1,0.0177,0,0.15,blank,,0.9996,2,1.9,2.9,0.01,0.91,4.0.3a,frames/satara/20260903/202000_p2_blob0001_f1.00.jpg
2026-09-03 20:21:00,2026-09-03 22:21:00,satara,night,30,frames,6,0.0232,0,0.15,blank,,0.9996,2,4.2,2.8,0.851,0.399,4.0.3a,frames/satara/20260903/202100_p30_blob0006_f0.75.jpg
2026-09-03 20:24:12,2026-09-03 22:24:12,satara,night,30,frames,3,0.0,0,0.15,blank,,0.9963,0,,,,,4.0.3a,frames/satara/20260903/202412_p30_blob0003_f0.75.jpg
2026-09-03 20:35:57,2026-09-03 22:35:57,satara,night,30,frames,2,0.0257,0,0.15,blank,,0.9991,1,3.9,2.6,0.849,0.397,4.0.3a,frames/satara/20260903/203557_p30_blob0002_f1.00.jpg
2026-09-03 20:37:33,2026-09-03 22:37:33,satara,night,4,frames,3,0.0391,0,0.15,blank,,0.9958,2,2.6,4.5,0.844,0.769,4.0.3a,frames/satara/20260903/203733_p4_blob0003_f1.00.jpg
2026-09-03 20:37:57,2026-09-03 22:37:57,satara,night,31,frames,2,0.2582,1,0.15,blank,,0.9993,10,3.9,2.6,0.298,0.67,4.0.3a,frames/satara/20260903/203757_p31_blob0002_f1.00.jpg
2026-09-03 20:39:22,2026-09-03 22:39:22,satara,night,30,frames,4,0.0,0,0.15,blank,,0.9961,0,,,,,4.0.3a,frames/satara/20260903/203922_p30_blob0004_f0.67.jpg
2026-09-03 20:56:03,2026-09-03 22:56:03,satara,night,4,frames,1,0.048,0,0.15,blank,,0.995,3,4.1,3.8,0.966,0.425,4.0.3a,frames/satara/20260903/205603_p4_blob0001_f1.00.jpg
2026-09-03 21:07:33,2026-09-03 23:07:33,satara,night,4,frames,1,0.1581,1,0.15,blank,,0.9923,4,4.1,3.8,0.964,0.425,4.0.3a,frames/satara/20260903/210733_p4_blob0001_f1.00.jpg
2026-09-03 21:25:09,2026-09-03 23:25:09,satara,night,34,frames,7,0.0,0,0.15,blank,,0.9842,0,,,,,4.0.3a,frames/satara/20260903/212509_p34_blob0007_f0.44.jpg
2026-09-03 21:25:57,2026-09-03 23:25:57,satara,night,4,frames,3,0.0888,0,0.15,blank,,0.9915,2,3.9,3.8,0.964,0.425,4.0.3a,frames/satara/20260903/212557_p4_blob0003_f1.00.jpg
2026-09-03 21:28:09,2026-09-03 23:28:09,satara,night,30,frames,610,0.0188,0,0.15,blank,,0.9988,1,3.2,2.7,0.429,0.598,4.0.3a,frames/satara/20260903/212809_p30_blob0610_f0.38.jpg
2026-09-03 21:28:21,2026-09-03 23:28:21,satara,night,30,frames,116,0.0188,0,0.15,blank,,0.9988,1,3.2,2.7,0.429,0.598,4.0.3a,frames/satara/20260903/212821_p30_blob0116_f0.25.jpg
2026-09-03 21:39:58,2026-09-03 23:39:58,satara,night,30,frames,7,0.0,0,0.15,blank,,0.9948,0,,,,,4.0.3a,frames/satara/20260903/213958_p30_blob0007_f0.58.jpg
2026-09-03 21:40:10,2026-09-03 23:40:10,satara,night,30,frames,4,0.0202,0,0.15,blank,,0.9998,1,3.9,3.0,0.849,0.401,4.0.3a,frames/satara/20260903/214010_p30_blob0004_f0.50.jpg
2026-09-03 21:41:11,2026-09-03 23:41:11,satara,night,4,frames,2,0.0161,0,0.15,blank,,0.9994,2,1.1,1.2,0.812,0.262,4.0.3a,frames/satara/20260903/214111_p4_blob0002_f1.00.jpg
2026-09-03 21:48:53,2026-09-03 23:48:53,satara,night,4,frames,3,0.0392,0,0.15,blank,,0.997,3,3.9,3.9,0.965,0.426,4.0.3a,frames/satara/20260903/214853_p4_blob0003_f0.75.jpg
2026-09-03 21:51:03,2026-09-03 23:51:03,satara,night,30,frames,3,0.0107,0,0.15,blank,,0.9987,1,6.3,3.2,0.332,0.547,4.0.3a,frames/satara/20260903/215103_p30_blob0003_f0.75.jpg
2026-09-03 21:53:05,2026-09-03 23:53:05,satara,night,4,frames,1,0.0807,0,0.15,blank,,0.9955,2,4.1,3.8,0.964,0.425,4.0.3a,frames/satara/20260903/215305_p4_blob0001_f1.00.jpg
2026-09-03 22:04:57,2026-09-04 00:04:57,satara,night,31,frames,1,0.2176,1,0.15,blank,,0.9995,10,2.3,1.8,0.528,0.503,4.0.3a,frames/satara/20260903/220457_p31_blob0001_f1.00.jpg
2026-09-03 22:09:11,2026-09-04 00:09:11,satara,night,2,frames,4,0.0,0,0.15,blank,,0.992,0,,,,,4.0.3a,frames/satara/20260903/220911_p2_blob0004_f0.67.jpg
2026-09-03 22:21:54,2026-09-04 00:21:54,satara,night,34,frames,95,0.0,0,0.15,blank,,0.9958,0,,,,,4.0.3a,frames/satara/20260903/222154_p34_blob0095_f0.33.jpg
2026-09-03 22:25:11,2026-09-04 00:25:11,satara,night,30,frames,10,0.0174,0,0.15,blank,,0.9989,1,3.5,1.7,0.331,0.53,4.0.3a,frames/satara/20260903/222511_p30_blob0010_f0.62.jpg
2026-09-03 22:26:56,2026-09-04 00:26:56,satara,night,4,frames,12,0.0378,0,0.15,blank,,0.9982,1,2.3,3.9,0.844,0.762,4.0.3a,frames/satara/20260903/222656_p4_blob0012_f0.60.jpg
2026-09-03 22:28:52,2026-09-04 00:28:52,satara,night,30,frames,9,0.0141,0,0.15,blank,,0.9978,1,3.9,2.6,0.851,0.397,4.0.3a,frames/satara/20260903/222852_p30_blob0009_f0.64.jpg
2026-09-03 22:34:50,2026-09-04 00:34:50,satara,night,4,frames,4,0.014,0,0.15,blank,,0.999,1,2.3,3.8,0.844,0.761,4.0.3a,frames/satara/20260903/223450_p4_blob0004_f1.00.jpg
2026-09-03 22:37:06,2026-09-04 00:37:06,satara,night,36,frames,277,0.0,0,0.15,blank,,0.9778,0,,,,,4.0.3a,frames/satara/20260903/223706_p36_blob0277_f0.29.jpg
2026-09-03 22:37:18,2026-09-04 00:37:18,satara,night,36,frames,17,0.0,0,0.15,blank,,0.9778,0,,,,,4.0.3a,frames/satara/20260903/223718_p36_blob0017_f0.85.jpg
2026-09-03 22:43:08,2026-09-04 00:43:08,satara,night,35,frames,287,0.0,0,0.15,blank,,0.9889,0,,,,,4.0.3a,frames/satara/20260903/224308_p35_blob0287_f0.31.jpg
2026-09-03 22:49:03,2026-09-04 00:49:03,satara,night,3,frames,2,0.6614,1,0.15,animal,,0.6614,1,7.5,4.9,0.443,0.16,4.0.3a,frames/satara/20260903/224903_p3_blob0002_f1.00.jpg
2026-09-03 22:49:15,2026-09-04 00:49:15,satara,night,4,frames,3,0.012,0,0.15,blank,,0.9997,3,1.2,1.1,0.461,0.52,4.0.3a,frames/satara/20260903/224915_p4_blob0003_f0.75.jpg
2026-09-03 22:50:01,2026-09-04 00:50:01,satara,night,40,frames,55,0.1245,0,0.15,blank,,0.9932,2,3.8,5.7,0.586,0.428,4.0.3a,frames/satara/20260903/225001_p40_blob0055_f0.37.jpg
2026-09-03 22:53:00,2026-09-04 00:53:00,satara,night,4,frames,2,0.0,0,0.15,blank,,0.9933,0,,,,,4.0.3a,frames/satara/20260903/225300_p4_blob0002_f1.00.jpg
2026-09-03 23:01:28,2026-09-04 01:01:28,satara,night,4,frames,1,0.03,0,0.15,blank,,0.9973,3,1.3,1.3,0.788,0.049,4.0.3a,frames/satara/20260903/230128_p4_blob0001_f1.00.jpg
2026-09-03 23:05:07,2026-09-04 01:05:07,satara,night,5,frames,4,0.0541,0,0.15,blank,,0.9962,2,4.6,3.6,0.034,0.634,4.0.3a,frames/satara/20260903/230507_p5_blob0004_f0.67.jpg
2026-09-03 23:05:19,2026-09-04 01:05:19,satara,night,5,frames,3,0.0541,0,0.15,blank,,0.9962,2,4.6,3.6,0.034,0.634,4.0.3a,frames/satara/20260903/230519_p5_blob0003_f0.50.jpg
2026-09-03 23:07:24,2026-09-04 01:07:24,satara,night,36,frames,15,0.0,0,0.15,blank,,0.9827,0,,,,,4.0.3a,frames/satara/20260903/230724_p36_blob0015_f0.50.jpg
2026-09-03 23:20:10,2026-09-04 01:20:10,satara,night,4,frames,652,0.0,0,0.15,blank,,0.9971,0,,,,,4.0.3a,frames/satara/20260903/232010_p4_blob0652_f0.39.jpg
2026-09-03 23:24:02,2026-09-04 01:24:02,satara,night,4,frames,21,0.0198,0,0.15,blank,,0.9994,1,1.7,2.7,0.846,0.766,4.0.3a,frames/satara/20260903/232402_p4_blob0021_f0.35.jpg
2026-09-03 23:24:14,2026-09-04 01:24:14,satara,night,31,frames,1,0.2571,1,0.15,blank,,0.9999,8,1.8,1.8,0.525,0.503,4.0.3a,frames/satara/20260903/232414_p31_blob0001_f1.00.jpg
2026-09-03 23:27:16,2026-09-04 01:27:16,satara,night,4,frames,2,0.0106,0,0.15,blank,,0.9994,1,6.0,9.1,0.031,0.61,4.0.3a,frames/satara/20260903/232716_p4_blob0002_f1.00.jpg
2026-09-03 23:31:42,2026-09-04 01:31:42,satara,night,4,frames,1,0.0316,0,0.15,blank,,0.9998,3,1.0,1.4,0.812,0.258,4.0.3a,frames/satara/20260903/233142_p4_blob0001_f1.00.jpg
2026-09-03 23:35:22,2026-09-04 01:35:22,satara,night,40,frames,361,0.0,0,0.15,blank,,0.9928,0,,,,,4.0.3a,frames/satara/20260903/233522_p40_blob0361_f0.30.jpg
2026-09-03 23:36:57,2026-09-04 01:36:57,satara,night,41,frames,709,0.0,0,0.15,blank,,0.9844,0,,,,,4.0.3a,frames/satara/20260903/233657_p41_blob0709_f0.39.jpg
2026-09-03 23:39:20,2026-09-04 01:39:20,satara,night,5,frames,1,0.034,0,0.15,blank,,0.9978,1,1.0,0.7,0.727,0.412,4.0.3a,frames/satara/20260903/233920_p5_blob0001_f1.00.jpg
2026-09-03 23:58:58,2026-09-04 01:58:58,satara,night,2,frames,2,0.0,0,0.15,blank,,0.9988,1,1.9,5.0,0.01,0.93,4.0.3a,frames/satara/20260903/235858_p2_blob0002_f1.00.jpg
2026-09-03 00:03:07,2026-09-03 02:03:07,satara,night,2,frames,539,0.0,0,0.15,blank,,0.9801,0,,,,,4.0.3a,frames/satara/20260903/000307_p2_blob0539_f0.37.jpg
2026-09-03 00:33:56,2026-09-03 02:33:56,satara,night,2,frames,131,0.0,0,0.15,blank,,0.9942,0,,,,,4.0.3a,frames/satara/20260903/003356_p2_blob0131_f0.33.jpg
2026-09-03 00:52:52,2026-09-03 02:52:52,satara,night,2,frames,71,0.0184,0,0.15,blank,,0.9982,1,5.3,3.7,0.338,0.54,4.0.3a,frames/satara/20260903/005252_p2_blob0071_f0.40.jpg
2026-09-03 01:12:02,2026-09-03 03:12:02,satara,night,3,frames,2290,0.0,0,0.15,blank,,0.9584,0,,,,,4.0.3a,frames/satara/20260903/011202_p3_blob2290_f0.53.jpg
2026-09-03 01:34:48,2026-09-03 03:34:48,satara,night,3,frames,431,0.0,0,0.15,blank,,0.985,0,,,,,4.0.3a,frames/satara/20260903/013448_p3_blob0431_f0.47.jpg
2026-09-03 01:53:12,2026-09-03 03:53:12,satara,night,2,frames,169,0.0,0,0.15,blank,,0.9957,0,,,,,4.0.3a,frames/satara/20260903/015312_p2_blob0169_f0.27.jpg
2026-09-03 02:08:49,2026-09-03 04:08:49,satara,night,2,frames,159,0.0111,0,0.15,blank,,0.9994,1,7.7,1.8,0.614,0.455,4.0.3a,frames/satara/20260903/020849_p2_blob0159_f0.28.jpg
2026-09-03 04:41:49,2026-09-03 06:41:49,satara,day,6,frames,4789,0.0116,0,0.3,blank,,0.9301,1,21.4,6.8,0.112,0.7,4.0.3a,frames/satara/20260903/044149_p6_blob4789_f0.92.jpg
2026-09-03 05:39:49,2026-09-03 07:39:49,satara,day,0,frames,4318,0.1638,0,0.3,blank,,0.9995,13,49.0,9.0,0.745,0.459,4.0.3a,frames/satara/20260903/053949_p0_blob4318_f0.83.jpg
2026-09-03 05:59:17,2026-09-03 07:59:17,satara,day,0,frames,810,0.754,1,0.3,animal,,0.754,8,1.7,2.9,0.228,0.339,4.0.3a,frames/satara/20260903/055917_p0_blob0810_f0.35.jpg
2026-09-03 06:28:04,2026-09-03 08:28:04,satara,day,9,frames,4220,0.2911,0,0.3,blank,,0.9999,6,3.4,2.0,0.317,0.556,4.0.3a,frames/satara/20260903/062804_p9_blob4220_f0.81.jpg
2026-09-03 06:29:53,2026-09-03 08:29:53,satara,day,0,frames,568,0.3827,1,0.3,blank,,1.0,7,1.9,1.5,0.742,0.417,4.0.3a,frames/satara/20260903/062953_p0_blob0568_f0.35.jpg
2026-09-03 06:30:05,2026-09-03 08:30:05,satara,day,0,frames,332,0.429,1,0.3,blank,,1.0,6,1.9,1.5,0.742,0.417,4.0.3a,frames/satara/20260903/063005_p0_blob0332_f0.32.jpg
2026-09-03 06:33:52,2026-09-03 08:33:52,satara,day,0,frames,345,0.7298,1,0.3,animal,,0.7298,12,1.7,2.6,0.988,0.17,4.0.3a,frames/satara/20260903/063352_p0_blob0345_f0.25.jpg
2026-09-03 06:48:16,2026-09-03 08:48:16,satara,day,6,frames,114,0.2876,0,0.3,blank,,0.9999,3,5.8,1.9,0.289,0.494,4.0.3a,frames/satara/20260903/064816_p6_blob0114_f0.25.jpg
2026-09-03 06:48:53,2026-09-03 08:48:53,satara,day,6,frames,50,0.0729,0,0.3,blank,,0.9826,2,23.5,6.6,0.122,0.692,4.0.3a,frames/satara/20260903/064853_p6_blob0050_f0.31.jpg
2026-09-03 06:49:06,2026-09-03 08:49:06,satara,day,0,frames,85,0.2794,0,0.3,blank,,1.0,11,1.9,1.5,0.74,0.415,4.0.3a,frames/satara/20260903/064906_p0_blob0085_f0.36.jpg
2026-09-03 06:51:59,2026-09-03 08:51:59,satara,day,6,frames,45,0.6847,1,0.3,blank,,0.9987,9,3.3,2.3,0.652,0.336,4.0.3a,frames/satara/20260903/065159_p6_blob0045_f0.31.jpg
2026-09-03 07:05:11,2026-09-03 09:05:11,satara,day,0,frames,183,0.7685,1,0.3,animal,,0.7685,9,2.7,3.2,0.275,0.281,4.0.3a,frames/satara/20260903/070511_p0_blob0183_f0.27.jpg
2026-09-03 07:06:10,2026-09-03 09:06:10,satara,day,9,frames,4217,0.4069,1,0.3,blank,,0.9999,8,2.8,1.7,0.36,0.528,4.0.3a,frames/satara/20260903/070610_p9_blob4217_f0.81.jpg
2026-09-03 07:09:08,2026-09-03 09:09:08,satara,day,0,frames,196,0.8267,1,0.3,animal,,0.8267,7,3.3,3.9,0.767,0.432,4.0.3a,frames/satara/20260903/070908_p0_blob0196_f0.33.jpg
2026-09-03 07:10:07,2026-09-03 09:10:07,satara,day,9,frames,237,0.1709,0,0.3,blank,,0.9999,13,3.7,1.9,0.338,0.53,4.0.3a,frames/satara/20260903/071007_p9_blob0237_f0.23.jpg
2026-09-03 07:23:52,2026-09-03 09:23:52,satara,day,0,frames,1044,0.5781,1,0.3,blank,,1.0,7,1.7,1.4,0.739,0.414,4.0.3a,frames/satara/20260903/072352_p0_blob1044_f0.34.jpg
2026-09-03 07:25:03,2026-09-03 09:25:03,satara,day,9,frames,556,0.8234,1,0.3,animal,,0.8234,7,3.9,2.7,0.597,0.465,4.0.3a,frames/satara/20260903/072503_p9_blob0556_f0.32.jpg
2026-09-03 07:26:50,2026-09-03 09:26:50,satara,day,12,frames,174,0.0177,0,0.3,blank,,0.9837,1,24.0,6.3,0.126,0.671,4.0.3a,frames/satara/20260903/072650_p12_blob0174_f0.50.jpg
2026-09-03 07:27:49,2026-09-03 09:27:49,satara,day,0,frames,212,0.5254,1,0.3,blank,,1.0,6,1.7,1.4,0.739,0.412,4.0.3a,frames/satara/20260903/072749_p0_blob0212_f0.26.jpg
2026-09-03 07:42:04,2026-09-03 09:42:04,satara,day,12,frames,1124,0.0,0,0.3,blank,,0.9969,0,,,,,4.0.3a,frames/satara/20260903/074204_p12_blob1124_f0.39.jpg
2026-09-03 07:42:17,2026-09-03 09:42:17,satara,day,12,frames,255,0.0,0,0.3,blank,,0.9969,0,,,,,4.0.3a,frames/satara/20260903/074217_p12_blob0255_f0.44.jpg
2026-09-03 07:46:16,2026-09-03 09:46:16,satara,day,12,frames,161,0.0285,0,0.3,blank,,1.0,3,2.8,2.3,0.463,0.52,4.0.3a,frames/satara/20260903/074616_p12_blob0161_f0.39.jpg
2026-09-03 07:46:29,2026-09-03 09:46:29,satara,day,12,frames,76,0.0285,0,0.3,blank,,1.0,3,2.8,2.3,0.463,0.52,4.0.3a,frames/satara/20260903/074629_p12_blob0076_f0.41.jpg
2026-09-03 07:54:40,2026-09-03 09:54:40,satara,day,12,frames,1539,0.0465,0,0.3,blank,,0.9995,2,13.9,2.3,0.764,0.431,4.0.3a,frames/satara/20260903/075440_p12_blob1539_f0.35.jpg
2026-09-03 07:55:04,2026-09-03 09:55:04,satara,day,0,frames,1158,0.5067,1,0.3,blank,,1.0,6,1.6,1.4,0.738,0.412,4.0.3a,frames/satara/20260903/075504_p0_blob1158_f0.34.jpg
2026-09-03 07:56:06,2026-09-03 09:56:06,satara,day,9,frames,4186,0.3943,1,0.3,blank,,0.9999,5,1.3,1.1,0.109,0.68,4.0.3a,frames/satara/20260903/075606_p9_blob4186_f0.81.jpg
2026-09-03 07:58:59,2026-09-03 09:58:59,satara,day,0,frames,486,0.7355,1,0.3,animal,,0.7355,39,2.6,2.5,0.279,0.248,4.0.3a,frames/satara/20260903/075859_p0_blob0486_f0.26.jpg
2026-09-03 08:17:03,2026-09-03 10:17:03,satara,day,12,frames,915,0.0105,0,0.3,blank,,0.9995,1,3.2,3.1,0.426,0.687,4.0.3a,frames/satara/20260903/081703_p12_blob0915_f0.33.jpg
2026-09-03 08:18:04,2026-09-03 10:18:04,satara,day,0,frames,686,0.533,1,0.3,blank,,1.0,9,1.4,1.3,0.737,0.409,4.0.3a,frames/satara/20260903/081804_p0_blob0686_f0.34.jpg
2026-09-03 08:20:55,2026-09-03 10:20:55,satara,day,12,frames,1630,0.0,0,0.3,blank,,0.9976,0,,,,,4.0.3a,frames/satara/20260903/082055_p12_blob1630_f0.31.jpg
2026-09-03 08:24:58,2026-09-03 10:24:58,satara,day,12,frames,1134,0.8551,1,0.3,bird,aves,0.7566,3,11.0,4.9,0.497,0.623,4.0.3a,frames/satara/20260903/082458_p12_blob1134_f0.27.jpg
2026-09-03 08:36:32,2026-09-03 10:36:32,satara,day,12,frames,254,0.0305,0,0.3,blank,,0.9961,2,8.0,2.2,0.795,0.426,4.0.3a,frames/satara/20260903/083632_p12_blob0254_f0.35.jpg
2026-09-03 08:37:09,2026-09-03 10:37:09,satara,day,0,frames,325,0.7501,1,0.3,animal,,0.7501,37,3.1,2.6,0.102,0.32,4.0.3a,frames/satara/20260903/083709_p0_blob0325_f0.39.jpg
2026-09-03 08:37:34,2026-09-03 10:37:34,satara,day,0,frames,339,0.7643,1,0.3,animal,,0.7643,28,3.2,2.6,0.101,0.32,4.0.3a,frames/satara/20260903/083734_p0_blob0339_f0.30.jpg
2026-09-03 08:41:41,2026-09-03 10:41:41,satara,day,0,frames,98,0.8603,1,0.3,animal,,0.8603,25,3.4,4.8,0.741,0.153,4.0.3a,frames/satara/20260903/084141_p0_blob0098_f0.18.jpg
2026-09-03 08:52:24,2026-09-03 10:52:24,satara,day,12,frames,1325,0.0125,0,0.3,blank,,0.9996,1,3.1,3.2,0.425,0.684,4.0.3a,frames/satara/20260903/085224_p12_blob1325_f0.30.jpg
2026-09-03 08:53:14,2026-09-03 10:53:14,satara,day,0,frames,329,0.6496,1,0.3,blank,,1.0,11,1.4,1.3,0.738,0.407,4.0.3a,frames/satara/20260903/085314_p0_blob0329_f0.26.jpg
2026-09-03 08:56:06,2026-09-03 10:56:06,satara,day,12,frames,163,0.0147,0,0.3,blank,,0.9998,2,5.8,2.6,0.57,0.544,4.0.3a,frames/satara/20260903/085606_p12_blob0163_f0.30.jpg
2026-09-03 09:00:25,2026-09-03 11:00:25,satara,day,0,frames,376,0.4891,1,0.3,blank,,1.0,10,1.2,1.2,0.738,0.406,4.0.3a,frames/satara/20260903/090025_p0_blob0376_f0.27.jpg
2026-09-03 09:12:03,2026-09-03 11:12:03,satara,day,12,frames,183,0.195,0,0.3,blank,,0.9996,3,3.3,1.9,0.572,0.636,4.0.3a,frames/satara/20260903/091203_p12_blob0183_f0.41.jpg
2026-09-03 09:12:53,2026-09-03 11:12:53,satara,day,0,frames,500,0.6212,1,0.3,blank,,1.0,12,1.3,1.2,0.738,0.406,4.0.3a,frames/satara/20260903/091253_p0_blob0500_f0.31.jpg
2026-09-03 09:15:09,2026-09-03 11:15:09,satara,day,12,frames,574,0.8752,1,0.3,bird,aves,0.7826,2,4.3,8.4,0.938,0.665,4.0.3a,frames/satara/20260903/091509_p12_blob0574_f0.26.jpg
2026-09-03 09:18:36,2026-09-03 11:18:36,satara,day,6,frames,85,0.0482,0,0.3,blank,,1.0,3,14.0,4.6,0.442,0.714,4.0.3a,frames/satara/20260903/091836_p6_blob0085_f0.26.jpg
2026-09-03 09:30:05,2026-09-03 11:30:05,satara,day,9,frames,170,0.1081,0,0.3,blank,,1.0,7,1.1,2.9,0.006,0.705,4.0.3a,frames/satara/20260903/093005_p9_blob0170_f0.33.jpg
2026-09-03 09:31:07,2026-09-03 11:31:07,satara,day,12,frames,304,0.5651,1,0.3,animal,,0.5651,5,2.7,2.3,0.162,0.117,4.0.3a,frames/satara/20260903/093107_p12_blob0304_f0.16.jpg
2026-09-03 09:35:54,2026-09-03 11:35:54,satara,day,0,frames,1043,0.8391,1,0.3,animal,,0.8391,12,3.0,3.8,0.699,0.437,4.0.3a,frames/satara/20260903/093554_p0_blob1043_f0.34.jpg
2026-09-03 09:38:14,2026-09-03 11:38:14,satara,day,12,frames,1826,0.2512,0,0.3,blank,,0.9992,1,3.8,3.2,0.57,0.63,4.0.3a,frames/satara/20260903/093814_p12_blob1826_f0.35.jpg
2026-09-03 09:51:16,2026-09-03 11:51:16,satara,day,0,frames,1575,0.7551,1,0.3,animal,,0.7551,6,3.6,3.4,0.11,0.462,4.0.3a,frames/satara/20260903/095116_p0_blob1575_f0.48.jpg
2026-09-03 09:53:04,2026-09-03 11:53:04,satara,day,6,frames,239,0.8501,1,0.3,animal,,0.8501,3,5.7,5.2,0.397,0.426,4.0.3a,frames/satara/20260903/095304_p6_blob0239_f0.27.jpg
2026-09-03 09:54:05,2026-09-03 11:54:05,satara,day,15,frames,868,0.5808,1,0.3,hyaenidae family,mammalia,0.7776,3,29.5,15.2,0.258,0.162,4.0.3a,frames/satara/20260903/095405_p15_blob0868_f0.52.jpg
2026-09-03 09:54:17,2026-09-03 11:54:17,satara,day,0,frames,1057,0.41,1,0.3,blank,,1.0,12,1.4,1.1,0.737,0.401,4.0.3a,frames/satara/20260903/095417_p0_blob1057_f0.36.jpg
2026-09-03 10:00:18,2026-09-03 12:00:18,satara,day,0,frames,363,0.367,1,0.3,blank,,1.0,9,1.3,1.1,0.738,0.401,4.0.3a,frames/satara/20260903/100018_p0_blob0363_f0.33.jpg
2026-09-03 10:01:18,2026-09-03 12:01:18,satara,day,12,frames,602,0.2572,0,0.3,blank,,0.9998,4,3.0,2.8,0.573,0.629,4.0.3a,frames/satara/20260903/100118_p12_blob0602_f0.46.jpg
2026-09-03 10:04:56,2026-09-03 12:04:56,satara,day,12,frames,619,0.2527,0,0.3,blank,,0.9997,3,3.9,3.1,0.568,0.624,4.0.3a,frames/satara/20260903/100456_p12_blob0619_f0.30.jpg
2026-09-03 10:05:08,2026-09-03 12:05:08,satara,day,12,frames,263,0.2527,0,0.3,blank,,0.9997,3,3.9,3.1,0.568,0.624,4.0.3a,frames/satara/20260903/100508_p12_blob0263_f0.20.jpg
2026-09-03 10:23:57,2026-09-03 12:23:57,satara,day,6,frames,211,0.0341,0,0.3,blank,,0.9999,3,1.2,1.3,0.112,0.581,4.0.3a,frames/satara/20260903/102357_p6_blob0211_f0.19.jpg
2026-09-03 10:25:08,2026-09-03 12:25:08,satara,day,0,frames,236,0.7599,1,0.3,animal,,0.7599,14,2.6,3.5,0.459,0.25,4.0.3a,frames/satara/20260903/102508_p0_blob0236_f0.47.jpg
2026-09-03 10:25:20,2026-09-03 12:25:20,satara,day,0,frames,55,0.7599,1,0.3,animal,,0.7599,14,2.6,3.5,0.459,0.25,4.0.3a,frames/satara/20260903/102520_p0_blob0055_f0.34.jpg
2026-09-03 10:30:02,2026-09-03 12:30:02,satara,day,1,frames,142,0.597,1,0.3,blank,,0.9999,4,1.0,2.2,0.135,0.754,4.0.3a,frames/satara/20260903/103002_p1_blob0142_f0.28.jpg
2026-09-03 10:39:10,2026-09-03 12:39:10,satara,day,6,frames,89,0.0289,0,0.3,blank,,0.9997,1,1.1,1.0,0.113,0.586,4.0.3a,frames/satara/20260903/103910_p6_blob0089_f0.29.jpg
2026-09-03 10:40:09,2026-09-03 12:40:09,satara,day,12,frames,972,0.3131,1,0.3,blank,,0.9997,3,3.2,2.7,0.573,0.631,4.0.3a,frames/satara/20260903/104009_p12_blob0972_f0.25.jpg
2026-09-03 10:40:57,2026-09-03 12:40:57,satara,day,0,frames,180,0.5718,1,0.3,blank,,0.9961,10,3.6,2.3,0.271,0.283,4.0.3a,frames/satara/20260903/104057_p0_blob0180_f0.43.jpg
2026-09-03 10:43:56,2026-09-03 12:43:56,satara,day,12,frames,236,0.2701,0,0.3,blank,,0.9998,3,3.2,2.8,0.573,0.632,4.0.3a,frames/satara/20260903/104356_p12_blob0236_f0.29.jpg
2026-09-03 10:52:08,2026-09-03 12:52:08,satara,day,0,frames,85,0.7386,1,0.3,animal,,0.7386,4,2.7,4.3,0.158,0.334,4.0.3a,frames/satara/20260903/105208_p0_blob0085_f0.41.jpg
2026-09-03 10:52:20,2026-09-03 12:52:20,satara,day,0,frames,45,0.7386,1,0.3,animal,,0.7386,4,2.7,4.3,0.158,0.334,4.0.3a,frames/satara/20260903/105220_p0_blob0045_f0.25.jpg
2026-09-03 10:54:21,2026-09-03 12:54:21,satara,day,6,frames,3149,0.0613,0,0.3,blank,,0.9994,2,6.7,2.9,0.667,0.424,4.0.3a,frames/satara/20260903/105421_p6_blob3149_f0.61.jpg
2026-09-03 10:58:54,2026-09-03 12:58:54,satara,day,12,frames,525,0.5143,1,0.3,blank,,0.9994,2,3.0,3.2,0.574,0.642,4.0.3a,frames/satara/20260903/105854_p12_blob0525_f0.27.jpg
2026-09-03 11:11:00,2026-09-03 13:11:00,satara,day,12,frames,56,0.3674,1,0.3,blank,,0.9949,3,3.0,2.7,0.574,0.631,4.0.3a,frames/satara/20260903/111100_p12_blob0056_f0.31.jpg
2026-09-03 11:11:24,2026-09-03 13:11:24,satara,day,12,frames,18,0.4885,1,0.3,blank,,0.997,4,3.0,2.7,0.574,0.631,4.0.3a,frames/satara/20260903/111124_p12_blob0018_f0.32.jpg
2026-09-03 11:13:11,2026-09-03 13:13:11,satara,day,9,frames,13,0.6985,1,0.3,animal,,0.6985,7,3.3,4.2,0.035,0.815,4.0.3a,frames/satara/20260903/111311_p9_blob0013_f0.43.jpg
2026-09-03 11:14:11,2026-09-03 13:14:11,satara,day,6,frames,16,0.1334,0,0.3,blank,,0.9951,2,6.7,3.0,0.673,0.421,4.0.3a,frames/satara/20260903/111411_p6_blob0016_f0.67.jpg
2026-09-03 11:27:00,2026-09-03 13:27:00,satara,day,0,frames,1093,0.8268,1,0.3,animal,,0.8268,39,3.2,3.6,0.454,0.524,4.0.3a,frames/satara/20260903/112700_p0_blob1093_f0.30.jpg
2026-09-03 11:30:03,2026-09-03 13:30:03,satara,day,12,frames,922,0.2627,0,0.3,blank,,0.9932,1,3.0,3.1,0.573,0.643,4.0.3a,frames/satara/20260903/113003_p12_blob0922_f0.23.jpg
2026-09-03 11:33:54,2026-09-03 13:33:54,satara,day,12,frames,1038,0.3198,1,0.3,blank,,0.9907,2,3.0,2.3,0.573,0.642,4.0.3a,frames/satara/20260903/113354_p12_blob1038_f0.32.jpg
2026-09-03 11:34:18,2026-09-03 13:34:18,satara,day,12,frames,251,0.8118,1,0.3,animal,,0.8118,4,4.6,5.2,0.873,0.667,4.0.3a,frames/satara/20260903/113418_p12_blob0251_f0.24.jpg
2026-09-03 11:44:10,2026-09-03 13:44:10,satara,day,9,frames,21,0.3047,1,0.3,blank,,1.0,7,2.8,7.0,0.014,0.713,4.0.3a,frames/satara/20260903/114410_p9_blob0021_f0.60.jpg
2026-09-03 11:45:11,2026-09-03 13:45:11,satara,day,6,frames,26,0.4139,1,0.3,blank,,1.0,4,1.4,1.8,0.495,0.535,4.0.3a,frames/satara/20260903/114511_p6_blob0026_f0.46.jpg
2026-09-03 11:49:27,2026-09-03 13:49:27,satara,day,6,frames,4032,0.7739,1,0.3,animal,,0.7739,16,3.4,3.6,0.847,0.64,4.0.3a,frames/satara/20260903/114927_p6_blob4032_f0.78.jpg
2026-09-03 11:50:16,2026-09-03 13:50:16,satara,day,0,frames,134,0.2705,0,0.3,blank,,1.0,9,1.3,1.3,0.733,0.397,4.0.3a,frames/satara/20260903/115016_p0_blob0134_f0.28.jpg
2026-09-03 11:56:22,2026-09-03 13:56:22,satara,day,6,frames,42,0.0195,0,0.3,blank,,0.9994,2,7.0,2.7,0.673,0.424,4.0.3a,frames/satara/20260903/115622_p6_blob0042_f0.25.jpg
2026-09-03 11:57:57,2026-09-03 13:57:57,satara,day,0,frames,390,0.7554,1,0.3,blank,,0.9913,10,3.3,2.7,0.113,0.351,4.0.3a,frames/satara/20260903/115757_p0_blob0390_f0.29.jpg
2026-09-03 11:58:21,2026-09-03 13:58:21,satara,day,0,frames,384,0.332,1,0.3,blank,,1.0,5,1.5,1.4,0.733,0.396,4.0.3a,frames/satara/20260903/115821_p0_blob0384_f0.34.jpg
2026-09-03 12:03:53,2026-09-03 14:03:53,satara,day,6,frames,131,0.0148,0,0.3,blank,,0.9973,1,67.2,9.7,0.358,0.665,4.0.3a,frames/satara/20260903/120353_p6_blob0131_f0.23.jpg
2026-09-03 12:24:12,2026-09-03 14:24:12,satara,day,12,frames,224,0.1008,0,0.3,blank,,0.9995,1,2.8,2.1,0.571,0.644,4.0.3a,frames/satara/20260903/122412_p12_blob0224_f0.31.jpg
2026-09-03 12:30:56,2026-09-03 14:30:56,satara,day,6,frames,1955,0.0367,0,0.3,blank,,0.9992,3,93.7,10.9,0.508,0.646,4.0.3a,frames/satara/20260903/123056_p6_blob1955_f0.38.jpg
2026-09-03 12:31:20,2026-09-03 14:31:20,satara,day,6,frames,110,0.0236,0,0.3,blank,,0.9999,2,1.0,1.3,0.113,0.587,4.0.3a,frames/satara/20260903/123120_p6_blob0110_f0.22.jpg
2026-09-03 12:31:56,2026-09-03 14:31:56,satara,day,12,frames,1974,0.0193,0,0.3,blank,,0.997,1,9.3,3.9,0.267,0.71,4.0.3a,frames/satara/20260903/123156_p12_blob1974_f0.38.jpg
2026-09-03 12:45:00,2026-09-03 14:45:00,satara,day,0,frames,38,0.7621,1,0.3,animal,,0.7621,23,2.6,4.1,0.532,0.433,4.0.3a,frames/satara/20260903/124500_p0_blob0038_f0.38.jpg
2026-09-03 12:46:39,2026-09-03 14:46:39,satara,day,6,frames,23,0.0185,0,0.3,blank,,0.9991,2,93.9,11.6,0.502,0.633,4.0.3a,frames/satara/20260903/124639_p6_blob0023_f0.55.jpg
2026-09-03 12:51:00,2026-09-03 14:51:00,satara,day,6,frames,53,0.0329,0,0.3,blank,,0.9991,3,93.7,10.6,0.507,0.649,4.0.3a,frames/satara/20260903/125100_p6_blob0053_f0.37.jpg
2026-09-03 12:51:24,2026-09-03 14:51:24,satara,day,12,frames,1759,0.0649,0,0.3,blank,,0.9996,2,17.3,3.9,0.513,0.448,4.0.3a,frames/satara/20260903/125124_p12_blob1759_f0.34.jpg
2026-09-03 13:01:28,2026-09-03 15:01:28,satara,day,9,frames,515,0.8793,1,0.3,artiodactyla order,mammalia,0.6554,2,9.4,11.4,0.886,0.321,4.0.3a,frames/satara/20260903/130128_p9_blob0515_f0.29.jpg
2026-09-03 13:04:21,2026-09-03 15:04:21,satara,day,0,frames,636,0.8914,1,0.3,common warthog,mammalia,0.9866,4,26.7,16.6,0.796,0.749,4.0.3a,frames/satara/20260903/130421_p0_blob0636_f0.48.jpg
2026-09-03 13:07:01,2026-09-03 15:07:01,satara,day,12,frames,626,0.0,0,0.3,blank,,0.9923,0,,,,,4.0.3a,frames/satara/20260903/130701_p12_blob0626_f0.33.jpg
2026-09-03 13:07:26,2026-09-03 15:07:26,satara,day,12,frames,427,0.0,0,0.3,blank,,0.9894,0,,,,,4.0.3a,frames/satara/20260903/130726_p12_blob0427_f0.24.jpg
2026-09-03 13:21:58,2026-09-03 15:21:58,satara,day,6,frames,561,0.0,0,0.3,blank,,0.9972,0,,,,,4.0.3a,frames/satara/20260903/132158_p6_blob0561_f0.33.jpg
2026-09-03 13:22:22,2026-09-03 15:22:22,satara,day,12,frames,2611,0.0,0,0.3,blank,,0.9941,0,,,,,4.0.3a,frames/satara/20260903/132222_p12_blob2611_f0.50.jpg
2026-09-03 13:23:11,2026-09-03 15:23:11,satara,day,0,frames,193,0.0993,0,0.3,blank,,1.0,4,1.1,1.4,0.732,0.396,4.0.3a,frames/satara/20260903/132311_p0_blob0193_f0.44.jpg
2026-09-03 13:29:19,2026-09-03 15:29:19,satara,day,6,frames,1702,0.0,0,0.3,blank,,0.9969,0,,,,,4.0.3a,frames/satara/20260903/132919_p6_blob1702_f0.34.jpg
2026-09-03 13:39:35,2026-09-03 15:39:35,satara,day,12,frames,1610,0.0315,0,0.3,blank,,0.9979,1,44.2,9.4,0.231,0.628,4.0.3a,frames/satara/20260903/133935_p12_blob1610_f0.31.jpg
2026-09-03 13:45:19,2026-09-03 15:45:19,satara,day,12,frames,2580,0.0405,0,0.3,blank,,0.9995,1,32.2,5.8,0.589,0.435,4.0.3a,frames/satara/20260903/134519_p12_blob2580_f0.50.jpg
2026-09-03 13:45:54,2026-09-03 15:45:54,satara,day,12,frames,1522,0.0405,0,0.3,blank,,0.9997,2,31.9,5.9,0.586,0.436,4.0.3a,frames/satara/20260903/134554_p12_blob1522_f0.29.jpg
2026-09-03 13:46:18,2026-09-03 15:46:18,satara,day,0,frames,993,0.3782,1,0.3,blank,,0.9951,9,4.6,2.6,0.193,0.328,4.0.3a,frames/satara/20260903/134618_p0_blob0993_f0.40.jpg
2026-09-03 13:54:51,2026-09-03 15:54:51,satara,day,0,frames,206,0.2308,0,0.3,blank,,0.9951,10,2.8,2.6,0.692,0.559,4.0.3a,frames/satara/20260903/135451_p0_blob0206_f0.22.jpg
2026-09-03 13:56:13,2026-09-03 15:56:13,satara,day,6,frames,99,0.0,0,0.3,blank,,0.9977,0,,,,,4.0.3a,frames/satara/20260903/135613_p6_blob0099_f0.32.jpg
2026-09-03 13:59:58,2026-09-03 15:59:58,satara,day,6,frames,117,0.0157,0,0.3,blank,,0.9998,2,6.4,2.6,0.677,0.423,4.0.3a,frames/satara/20260903/135958_p6_blob0117_f0.34.jpg
2026-09-03 14:01:00,2026-09-03 16:01:00,satara,day,12,frames,74,0.0,0,0.3,blank,,0.996,0,,,,,4.0.3a,frames/satara/20260903/140100_p12_blob0074_f0.39.jpg
2026-09-03 14:15:55,2026-09-03 16:15:55,satara,day,6,frames,3264,0.0124,0,0.3,blank,,0.9999,1,1.6,1.1,0.647,0.666,4.0.3a,frames/satara/20260903/141555_p6_blob3264_f0.63.jpg
2026-09-03 14:20:03,2026-09-03 16:20:03,satara,day,6,frames,2226,0.0,0,0.3,blank,,0.9967,0,,,,,4.0.3a,frames/satara/20260903/142003_p6_blob2226_f0.43.jpg
2026-09-03 14:20:27,2026-09-03 16:20:27,satara,day,12,frames,2959,0.0216,0,0.3,blank,,0.9993,4,2.9,2.8,0.829,0.47,4.0.3a,frames/satara/20260903/142027_p12_blob2959_f0.57.jpg
2026-09-03 14:23:13,2026-09-03 16:23:13,satara,day,6,frames,4359,0.1498,0,0.3,blank,,0.9994,1,2.5,1.5,0.11,0.591,4.0.3a,frames/satara/20260903/142313_p6_blob4359_f0.84.jpg
2026-09-03 14:33:27,2026-09-03 16:33:27,satara,day,0,frames,490,0.401,1,0.3,no cv result,no cv result,0.9628,9,3.7,3.0,0.689,0.567,4.0.3a,frames/satara/20260903/143327_p0_blob0490_f0.35.jpg
2026-09-03 14:36:02,2026-09-03 16:36:02,satara,day,12,frames,1951,0.1045,0,0.3,blank,,0.9915,5,3.1,2.6,0.829,0.472,4.0.3a,frames/satara/20260903/143602_p12_blob1951_f0.38.jpg
2026-09-03 14:39:59,2026-09-03 16:39:59,satara,day,12,frames,708,0.1015,0,0.3,blank,,0.9999,5,2.3,1.7,0.338,0.508,4.0.3a,frames/satara/20260903/143959_p12_blob0708_f0.22.jpg
2026-09-03 14:40:58,2026-09-03 16:40:58,satara,day,0,frames,840,0.9271,1,0.3,common warthog,mammalia,0.9892,4,25.6,16.1,0.794,0.388,4.0.3a,frames/satara/20260903/144058_p0_blob0840_f0.31.jpg
2026-09-03 14:54:03,2026-09-03 16:54:03,satara,day,22,frames,486,0.0502,0,0.3,blank,,0.9997,3,5.4,2.0,0.194,0.535,4.0.3a,frames/satara/20260903/145403_p22_blob0486_f0.37.jpg
2026-09-03 14:54:15,2026-09-03 16:54:15,satara,day,23,frames,3064,0.0,0,0.3,blank,,0.9943,0,,,,,4.0.3a,frames/satara/20260903/145415_p23_blob3064_f0.59.jpg
2026-09-03 14:56:18,2026-09-03 16:56:18,satara,day,25,frames,65,0.1029,0,0.3,blank,,0.9987,8,95.5,22.1,0.503,0.576,4.0.3a,frames/satara/20260903/145618_p25_blob0065_f0.43.jpg
2026-09-03 14:58:08,2026-09-03 16:58:08,satara,day,23,frames,66,0.0637,0,0.3,blank,,0.9997,1,1.2,1.4,0.113,0.602,4.0.3a,frames/satara/20260903/145808_p23_blob0066_f0.37.jpg
2026-09-03 15:06:17,2026-09-03 17:06:17,satara,day,23,frames,629,0.1253,0,0.3,blank,,0.9997,1,1.1,1.4,0.113,0.6,4.0.3a,frames/satara/20260903/150617_p23_blob0629_f0.41.jpg
2026-09-03 15:07:06,2026-09-03 17:07:06,satara,day,24,frames,594,0.0263,0,0.3,blank,,0.9997,2,31.6,6.0,0.58,0.449,4.0.3a,frames/satara/20260903/150706_p24_blob0594_f0.52.jpg
2026-09-03 15:09:09,2026-09-03 17:09:09,satara,day,22,frames,694,0.0377,0,0.3,blank,,0.9994,3,3.9,1.8,0.202,0.529,4.0.3a,frames/satara/20260903/150909_p22_blob0694_f0.42.jpg
2026-09-03 15:13:02,2026-09-03 17:13:02,satara,day,22,frames,469,0.6212,1,0.3,blank,,0.995,3,2.3,4.3,0.24,0.447,4.0.3a,frames/satara/20260903/151302_p22_blob0469_f0.52.jpg
2026-09-03 15:28:40,2026-09-03 17:28:40,satara,day,26,frames,310,0.014,0,0.3,blank,,0.9998,1,2.7,1.5,0.804,0.512,4.0.3a,frames/satara/20260903/152840_p26_blob0310_f0.30.jpg
2026-09-03 15:29:51,2026-09-03 17:29:51,satara,day,24,frames,1487,0.8218,1,0.3,herpestidae family,mammalia,0.8495,2,12.2,7.4,0.19,0.096,4.0.3a,frames/satara/20260903/152951_p24_blob1487_f0.32.jpg
2026-09-03 15:30:03,2026-09-03 17:30:03,satara,day,24,frames,198,0.8218,1,0.3,herpestidae family,mammalia,0.8495,2,12.2,7.4,0.19,0.096,4.0.3a,frames/satara/20260903/153003_p24_blob0198_f0.32.jpg
2026-09-03 15:31:03,2026-09-03 17:31:03,satara,day,25,frames,1798,0.3845,1,0.3,blank,,0.9995,6,1.7,1.3,0.735,0.413,4.0.3a,frames/satara/20260903/153103_p25_blob1798_f0.43.jpg
2026-09-03 15:45:24,2026-09-03 17:45:24,satara,day,23,frames,1845,0.0861,0,0.3,blank,,0.9953,2,21.5,7.6,0.535,0.744,4.0.3a,frames/satara/20260903/154524_p23_blob1845_f0.44.jpg
2026-09-03 15:47:10,2026-09-03 17:47:10,satara,day,26,frames,145,0.0,0,0.3,blank,,0.9765,0,,,,,4.0.3a,frames/satara/20260903/154710_p26_blob0145_f0.52.jpg
2026-09-03 15:48:31,2026-09-03 17:48:31,satara,day,23,frames,30,0.0146,0,0.3,blank,,0.9999,2,1.1,1.5,0.113,0.605,4.0.3a,frames/satara/20260903/154831_p23_blob0030_f0.62.jpg
2026-09-03 15:54:01,2026-09-03 17:54:01,satara,day,25,frames,121,0.3889,1,0.3,blank,,0.9998,4,1.7,1.3,0.735,0.411,4.0.3a,frames/satara/20260903/155401_p25_blob0121_f0.12.jpg
2026-09-03 16:00:05,2026-09-03 18:00:05,satara,night,23,frames,420,0.0,0,0.15,blank,,0.9955,0,,,,,4.0.3a,frames/satara/20260903/160005_p23_blob0420_f0.36.jpg
2026-09-03 16:00:52,2026-09-03 18:00:52,satara,night,12,frames,1784,0.1496,0,0.15,blank,,0.9995,5,1.8,1.5,0.949,0.484,4.0.3a,frames/satara/20260903/160052_p12_blob1784_f0.34.jpg
